0,8,16,24,32,40,48,56,64,72,80,88,96,104,112,120,128,136,144,152,160,168,176,184,192,200,208,216,224,232,240,248,/* */
256,264,272,280,288,296,304,312,320,328,336,344,352,360,368,376,384,392,400,408,416,424,432,440,448,456,464,472,480,488,496,504,/* */
512,520,528,536,544,552,560,568,576,584,592,600,608,616,624,632,640,648,656,664,672,680,688,696,704,712,720,728,736,744,752,760,/* */
768,776,784,792,800,808,816,824,832,840,848,856,864,872,880,888,896,904,912,920,928,936,944,952,960,968,976,984,992,1000,1008,1016,/* */
1024,1032,1040,1048,1056,1064,1072,1080,1088,1096,1104,1112,1120,1128,1136,1144,1152,1160,1168,1176,1184,1192,1200,1208,1216,1224,1232,1240,1248,1256,1264,1272,/* */
1280,1288,1296,1304,1312,1320,1328,1336,1344,1352,1360,1368,1376,1384,1392,1400,1408,1416,1424,1432,1440,1448,1456,1464,1472,1480,1488,1496,1504,1512,1520,1528,/* */
1536,1544,1552,1560,1568,1576,1584,1592,1600,1608,1616,1624,1632,1640,1648,1656,1664,1672,1680,1688,1696,1704,1712,1720,1728,1736,1744,1752,1760,1768,1776,1784,/* */
1792,1800,1808,1816,1824,1832,1840,1848,1856,1864,1872,1880,1888,1896,1904,1912,1920,1928,1936,1944,1952,1960,1968,1976,1984,1992,2000,2008,2016,2024,2032,2040,/* */
2048,2056,2064,2072,2080,2088,2096,2104,2112,2120,2128,2136,2144,2152,2160,2168,2176,2184,2192,2200,2208,2216,2224,2232,2240,2248,2256,2264,2272,2280,2288,2296,/* */
2304,2312,2320,2328,2336,2344,2352,2360,2368,2376,2384,2392,2400,2408,2416,2424,2432,2440,2448,2456,2464,2472,2480,2488,2496,2504,2512,2520,2528,2536,2544,2552,/* */
2560,2568,2576,2584,2592,2600,2608,2616,2624,2632,2640,2648,2656,2664,2672,2680,2688,2696,2704,2712,2720,2728,2736,2744,2752,2760,2768,2776,2784,2792,2800,2808,/* */
2816,2824,2832,2840,2848,2856,2864,2872,2880,2888,2896,2904,2912,2920,2928,2936,2944,2952,2960,2968,2976,2984,2992,3000,3008,3016,3024,3032,3040,3048,3056,3064,/* */
3072,3080,3088,3096,3104,3112,3120,3128,3136,3144,3152,3160,3168,3176,3184,3192,3200,3208,3216,3224,3232,3240,3248,3256,3264,3272,3280,3288,3296,3304,3312,3320,/* */
3328,3336,3344,3352,3360,3368,3376,3384,3392,3400,3408,3416,3424,3432,3440,3448,3456,3464,3472,3480,3488,3496,3504,3512,3520,3528,3536,3544,3552,3560,3568,3576,/* */
3584,3592,3600,3608,3616,3624,3632,3640,3648,3656,3664,3672,3680,3688,3696,3704,3712,3720,3728,3736,3744,3752,3760,3768,3776,3784,3792,3800,3808,3816,3824,3832,/* */
3840,3848,3856,3864,3872,3880,3888,3896,3904,3912,3920,3928,3936,3944,3952,3960,3968,3976,3984,3992,4000,4008,4016,4024,4032,4040,4048,4056,4064,4072,4080,4088,/* */
4096,4104,4112,4120,4128,4136,4144,4152,4160,4168,4176,4184,4192,4200,4208,4216,4224,4232,4240,4248,4256,4264,4272,4280,4288,4296,4304,4312,4320,4328,4336,4344,/* */
4352,4360,4368,4376,4384,4392,4400,4408,4416,4424,4432,4440,4448,4456,4464,4472,4480,4488,4496,4504,4512,4520,4528,4536,4544,4552,4560,4568,4576,4584,4592,4600,/* */
4608,4616,4624,4632,4640,4648,4656,4664,4672,4680,4688,4696,4704,4712,4720,4728,4736,4744,4752,4760,4768,4776,4784,4792,4800,4808,4816,4824,4832,4840,4848,4856,/* */
4864,4872,4880,4888,4896,4904,4912,4920,4928,4936,4944,4952,4960,4968,4976,4984,4992,5000,5008,5016,5024,5032,5040,5048,5056,5064,5072,5080,5088,5096,5104,5112,/* */
5120,5128,5136,5144,5152,5160,5168,5176,5184,5192,5200,5208,5216,5224,5232,5240,5248,5256,5264,5272,5280,5288,5296,5304,5312,5320,5328,5336,5344,5352,5360,5368,/* */
5376,5384,5392,5400,5408,5416,5424,5432,5440,5448,5456,5464,5472,5480,5488,5496,5504,5512,5520,5528,5536,5544,5552,5560,5568,5576,5584,5592,5600,5608,5616,5624,/* */
5632,5640,5648,5656,5664,5672,5680,5688,5696,5704,5712,5720,5728,5736,5744,5752,5760,5768,5776,5784,5792,5800,5808,5816,5824,5832,5840,5848,5856,5864,5872,5880,/* */
5888,5896,5904,5912,5920,5928,5936,5944,5952,5960,5968,5976,5984,5992,6000,6008,6016,6024,6032,6040,6048,6056,6064,6072,6080,6088,6096,6104,6112,6120,6128,6136,/* */
6144,6152,6160,6168,6176,6184,6192,6200,6208,6216,6224,6232,6240,6248,6256,6264,6272,6280,6288,6296,6304,6312,6320,6328,6336,6344,6352,6360,6368,6376,6384,6392,/* */
6400,6408,6416,6424,6432,6440,6448,6456,6464,6472,6480,6488,6496,6504,6512,6520,6528,6536,6544,6552,6560,6568,6576,6584,6592,6600,6608,6616,6624,6632,6640,6648,/* */
6656,6664,6672,6680,6688,6696,6704,6712,6720,6728,6736,6744,6752,6760,6768,6776,6784,6792,6800,6808,6816,6824,6832,6840,6848,6856,6864,6872,6880,6888,6896,6904,/* */
6912,6920,6928,6936,6944,6952,6960,6968,6976,6984,6992,7000,7008,7016,7024,7032,7040,7048,7056,7064,7072,7080,7088,7096,7104,7112,7120,7128,7136,7144,7152,7160,/* */
7168,7176,7184,7192,7200,7208,7216,7224,7232,7240,7248,7256,7264,7272,7280,7288,7296,7304,7312,7320,7328,7336,7344,7352,7360,7368,7376,7384,7392,7400,7408,7416,/* */
7424,7432,7440,7448,7456,7464,7472,7480,7488,7496,7504,7512,7520,7528,7536,7544,7552,7560,7568,7576,7584,7592,7600,7608,7616,7624,7632,7640,7648,7656,7664,7672,/* */
7680,7688,7696,7704,7712,7720,7728,7736,7744,7752,7760,7768,7776,7784,7792,7800,7808,7816,7824,7832,7840,7848,7856,7864,7872,7880,7888,7896,7904,7912,7920,7928,/* */
7936,7944,7952,7960,7968,7976,7984,7992,8000,8008,8016,8024,8032,8040,8048,8056,8064,8072,8080,8088,8096,8104,8112,8120,8128,8136,8144,8152,8160,8168,8176,8184,/* */
8192,8200,8208,8216,8224,8232,8240,8248,8256,8264,8272,8280,8288,8296,8304,8312,8320,8328,8336,8344,8352,8360,8368,8376,8384,8392,8400,8408,8416,8424,8432,8440,/* */
8448,8456,8464,8472,8480,8488,8496,8504,8512,8520,8528,8536,8544,8552,8560,8568,8576,8584,8592,8600,8608,8616,8624,8632,8640,8648,8656,8664,8672,8680,8688,8696,/* */
8704,8712,8720,8728,8736,8744,8752,8760,8768,8776,8784,8792,8800,8808,8816,8824,8832,8840,8848,8856,8864,8872,8880,8888,8896,8904,8912,8920,8928,8936,8944,8952,/* */
8960,8968,8976,8984,8992,9000,9008,9016,9024,9032,9040,9048,9056,9064,9072,9080,9088,9096,9104,9112,9120,9128,9136,9144,9152,9160,9168,9176,9184,9192,9200,9208,/* */
9216,9224,9232,9240,9248,9256,9264,9272,9280,9288,9296,9304,9312,9320,9328,9336,9344,9352,9360,9368,9376,9384,9392,9400,9408,9416,9424,9432,9440,9448,9456,9464,/* */
9472,9480,9488,9496,9504,9512,9520,9528,9536,9544,9552,9560,9568,9576,9584,9592,9600,9608,9616,9624,9632,9640,9648,9656,9664,9672,9680,9688,9696,9704,9712,9720,/* */
9728,9736,9744,9752,9760,9768,9776,9784,9792,9800,9808,9816,9824,9832,9840,9848,9856,9864,9872,9880,9888,9896,9904,9912,9920,9928,9936,9944,9952,9960,9968,9976,/* */
9984,9992,10000,10008,10016,10024,10032,10040,10048,10056,10064,10072,10080,10088,10096,10104,10112,10120,10128,10136,10144,10152,10160,10168,10176,10184,10192,10200,10208,10216,10224,10232,/* */
10240,10248,10256,10264,10272,10280,10288,10296,10304,10312,10320,10328,10336,10344,10352,10360,10368,10376,10384,10392,10400,10408,10416,10424,10432,10440,10448,10456,10464,10472,10480,10488,/* */
10496,10504,10512,10520,10528,10536,10544,10552,10560,10568,10576,10584,10592,10600,10608,10616,10624,10632,10640,10648,10656,10664,10672,10680,10688,10696,10704,10712,10720,10728,10736,10744,/* */
10752,10760,10768,10776,10784,10792,10800,10808,10816,10824,10832,10840,10848,10856,10864,10872,10880,10888,10896,10904,10912,10920,10928,10936,10944,10952,10960,10968,10976,10984,10992,11000,/* */
11008,11016,11024,11032,11040,11048,11056,11064,11072,11080,11088,11096,11104,11112,11120,11128,11136,11144,11152,11160,11168,11176,11184,11192,11200,11208,11216,11224,11232,11240,11248,11256,/* */
11264,11272,11280,11288,11296,11304,11312,11320,11328,11336,11344,11352,11360,11368,11376,11384,11392,11400,11408,11416,11424,11432,11440,11448,11456,11464,11472,11480,11488,11496,11504,11512,/* */
11520,11528,11536,11544,11552,11560,11568,11576,11584,11592,11600,11608,11616,11624,11632,11640,11648,11656,11664,11672,11680,11688,11696,11704,11712,11720,11728,11736,11744,11752,11760,11768,/* */
11776,11784,11792,11800,11808,11816,11824,11832,11840,11848,11856,11864,11872,11880,11888,11896,11904,11912,11920,11928,11936,11944,11952,11960,11968,11976,11984,11992,12000,12008,12016,12024,/* */
12032,12040,12048,12056,12064,12072,12080,12088,12096,12104,12112,12120,12128,12136,12144,12152,12160,12168,12176,12184,12192,12200,12208,12216,12224,12232,12240,12248,12256,12264,12272,12280,/* */
12288,12296,12304,12312,12320,12328,12336,12344,12352,12360,12368,12376,12384,12392,12400,12408,12416,12424,12432,12440,12448,12456,12464,12472,12480,12488,12496,12504,12512,12520,12528,12536,/* */
12544,12552,12560,12568,12576,12584,12592,12600,12608,12616,12624,12632,12640,12648,12656,12664,12672,12680,12688,12696,12704,12712,12720,12728,12736,12744,12752,12760,12768,12776,12784,12792,/* */
12800,12808,12816,12824,12832,12840,12848,12856,12864,12872,12880,12888,12896,12904,12912,12920,12928,12936,12944,12952,12960,12968,12976,12984,12992,13000,13008,13016,13024,13032,13040,13048,/* */
13056,13064,13072,13080,13088,13096,13104,13112,13120,13128,13136,13144,13152,13160,13168,13176,13184,13192,13200,13208,13216,13224,13232,13240,13248,13256,13264,13272,13280,13288,13296,13304,/* */
13312,13320,13328,13336,13344,13352,13360,13368,13376,13384,13392,13400,13408,13416,13424,13432,13440,13448,13456,13464,13472,13480,13488,13496,13504,13512,13520,13528,13536,13544,13552,13560,/* */
13568,13576,13584,13592,13600,13608,13616,13624,13632,13640,13648,13656,13664,13672,13680,13688,13696,13704,13712,13720,13728,13736,13744,13752,13760,13768,13776,13784,13792,13800,13808,13816,/* */
13824,13832,13840,13848,13856,13864,13872,13880,13888,13896,13904,13912,13920,13928,13936,13944,13952,13960,13968,13976,13984,13992,14000,14008,14016,14024,14032,14040,14048,14056,14064,14072,/* */
14080,14088,14096,14104,14112,14120,14128,14136,14144,14152,14160,14168,14176,14184,14192,14200,14208,14216,14224,14232,14240,14248,14256,14264,14272,14280,14288,14296,14304,14312,14320,14328,/* */
14336,14344,14352,14360,14368,14376,14384,14392,14400,14408,14416,14424,14432,14440,14448,14456,14464,14472,14480,14488,14496,14504,14512,14520,14528,14536,14544,14552,14560,14568,14576,14584,/* */
14592,14600,14608,14616,14624,14632,14640,14648,14656,14664,14672,14680,14688,14696,14704,14712,14720,14728,14736,14744,14752,14760,14768,14776,14784,14792,14800,14808,14816,14824,14832,14840,/* */
14848,14856,14864,14872,14880,14888,14896,14904,14912,14920,14928,14936,14944,14952,14960,14968,14976,14984,14992,15000,15008,15016,15024,15032,15040,15048,15056,15064,15072,15080,15088,15096,/* */
15104,15112,15120,15128,15136,15144,15152,15160,15168,15176,15184,15192,15200,15208,15216,15224,15232,15240,15248,15256,15264,15272,15280,15288,15296,15304,15312,15320,15328,15336,15344,15352,/* */
15360,15368,15376,15384,15392,15400,15408,15416,15424,15432,15440,15448,15456,15464,15472,15480,15488,15496,15504,15512,15520,15528,15536,15544,15552,15560,15568,15576,15584,15592,15600,15608,/* */
15616,15624,15632,15640,15648,15656,15664,15672,15680,15688,15696,15704,15712,15720,15728,15736,15744,15752,15760,15768,15776,15784,15792,15800,15808,15816,15824,15832,15840,15848,15856,15864,/* */
15872,15880,15888,15896,15904,15912,15920,15928,15936,15944,15952,15960,15968,15976,15984,15992,16000,16008,16016,16024,16032,16040,16048,16056,16064,16072,16080,16088,16096,16104,16112,16120,/* */
16128,16136,16144,16152,16160,16168,16176,16184,16192,16200,16208,16216,16224,16232,16240,16248,16256,16264,16272,16280,16288,16296,16304,16312,16320,16328,16336,16344,16352,16360,16368,16376,/* */
16384,16392,16400,16408,16416,16424,16432,16440,16448,16456,16464,16472,16480,16488,16496,16504,16512,16520,16528,16536,16544,16552,16560,16568,16576,16584,16592,16600,16608,16616,16624,16632,/* */
16640,16648,16656,16664,16672,16680,16688,16696,16704,16712,16720,16728,16736,16744,16752,16760,16768,16776,16784,16792,16800,16808,16816,16824,16832,16840,16848,16856,16864,16872,16880,16888,/* */
16896,16904,16912,16920,16928,16936,16944,16952,16960,16968,16976,16984,16992,17000,17008,17016,17024,17032,17040,17048,17056,17064,17072,17080,17088,17096,17104,17112,17120,17128,17136,17144,/* */
17152,17160,17168,17176,17184,17192,17200,17208,17216,17224,17232,17240,17248,17256,17264,17272,17280,17288,17296,17304,17312,17320,17328,17336,17344,17352,17360,17368,17376,17384,17392,17400,/* */
17408,17416,17424,17432,17440,17448,17456,17464,17472,17480,17488,17496,17504,17512,17520,17528,17536,17544,17552,17560,17568,17576,17584,17592,17600,17608,17616,17624,17632,17640,17648,17656,/* */
17664,17672,17680,17688,17696,17704,17712,17720,17728,17736,17744,17752,17760,17768,17776,17784,17792,17800,17808,17816,17824,17832,17840,17848,17856,17864,17872,17880,17888,17896,17904,17912,/* */
17920,17928,17936,17944,17952,17960,17968,17976,17984,17992,18000,18008,18016,18024,18032,18040,18048,18056,18064,18072,18080,18088,18096,18104,18112,18120,18128,18136,18144,18152,18160,18168,/* */
18176,18184,18192,18200,18208,18216,18224,18232,18240,18248,18256,18264,18272,18280,18288,18296,18304,18312,18320,18328,18336,18344,18352,18360,18368,18376,18384,18392,18400,18408,18416,18424,/* */
18432,18440,18448,18456,18464,18472,18480,18488,18496,18504,18512,18520,18528,18536,18544,18552,18560,18568,18576,18584,18592,18600,18608,18616,18624,18632,18640,18648,18656,18664,18672,18680,/* */
18688,18696,18704,18712,18720,18728,18736,18744,18752,18760,18768,18776,18784,18792,18800,18808,18816,18824,18832,18840,18848,18856,18864,18872,18880,18888,18896,18904,18912,18920,18928,18936,/* */
18944,18952,18960,18968,18976,18984,18992,19000,19008,19016,19024,19032,19040,19048,19056,19064,19072,19080,19088,19096,19104,19112,19120,19128,19136,19144,19152,19160,19168,19176,19184,19192,/* */
19200,19208,19216,19224,19232,19240,19248,19256,19264,19272,19280,19288,19296,19304,19312,19320,19328,19336,19344,19352,19360,19368,19376,19384,19392,19400,19408,19416,19424,19432,19440,19448,/* */
19456,19464,19472,19480,19488,19496,19504,19512,19520,19528,19536,19544,19552,19560,19568,19576,19584,19592,19600,19608,19616,19624,19632,19640,19648,19656,19664,19672,19680,19688,19696,19704,/* */
19712,19720,19728,19736,19744,19752,19760,19768,19776,19784,19792,19800,19808,19816,19824,19832,19840,19848,19856,19864,19872,19880,19888,19896,19904,19912,19920,19928,19936,19944,19952,19960,/* */
19968,19976,19984,19992,20000,20008,20016,20024,20032,20040,20048,20056,20064,20072,20080,20088,20096,20104,20112,20120,20128,20136,20144,20152,20160,20168,20176,20184,20192,20200,20208,20216,/* */
20224,20232,20240,20248,20256,20264,20272,20280,20288,20296,20304,20312,20320,20328,20336,20344,20352,20360,20368,20376,20384,20392,20400,20408,20416,20424,20432,20440,20448,20456,20464,20472,/* */
20480,20488,20496,20504,20512,20520,20528,20536,20544,20552,20560,20568,20576,20584,20592,20600,20608,20616,20624,20632,20640,20648,20656,20664,20672,20680,20688,20696,20704,20712,20720,20728,/* */
20736,20744,20752,20760,20768,20776,20784,20792,20800,20808,20816,20824,20832,20840,20848,20856,20864,20872,20880,20888,20896,20904,20912,20920,20928,20936,20944,20952,20960,20968,20976,20984,/* */
20992,21000,21008,21016,21024,21032,21040,21048,21056,21064,21072,21080,21088,21096,21104,21112,21120,21128,21136,21144,21152,21160,21168,21176,21184,21192,21200,21208,21216,21224,21232,21240,/* */
21248,21256,21264,21272,21280,21288,21296,21304,21312,21320,21328,21336,21344,21352,21360,21368,21376,21384,21392,21400,21408,21416,21424,21432,21440,21448,21456,21464,21472,21480,21488,21496,/* */
21504,21512,21520,21528,21536,21544,21552,21560,21568,21576,21584,21592,21600,21608,21616,21624,21632,21640,21648,21656,21664,21672,21680,21688,21696,21704,21712,21720,21728,21736,21744,21752,/* */
21760,21768,21776,21784,21792,21800,21808,21816,21824,21832,21840,21848,21856,21864,21872,21880,21888,21896,21904,21912,21920,21928,21936,21944,21952,21960,21968,21976,21984,21992,22000,22008,/* */
22016,22024,22032,22040,22048,22056,22064,22072,22080,22088,22096,22104,22112,22120,22128,22136,22144,22152,22160,22168,22176,22184,22192,22200,22208,22216,22224,22232,22240,22248,22256,22264,/* */
22272,22280,22288,22296,22304,22312,22320,22328,22336,22344,22352,22360,22368,22376,22384,22392,22400,22408,22416,22424,22432,22440,22448,22456,22464,22472,22480,22488,22496,22504,22512,22520,/* */
22528,22536,22544,22552,22560,22568,22576,22584,22592,22600,22608,22616,22624,22632,22640,22648,22656,22664,22672,22680,22688,22696,22704,22712,22720,22728,22736,22744,22752,22760,22768,22776,/* */
22784,22792,22800,22808,22816,22824,22832,22840,22848,22856,22864,22872,22880,22888,22896,22904,22912,22920,22928,22936,22944,22952,22960,22968,22976,22984,22992,23000,23008,23016,23024,23032,/* */
23040,23048,23056,23064,23072,23080,23088,23096,23104,23112,23120,23128,23136,23144,23152,23160,23168,23176,23184,23192,23200,23208,23216,23224,23232,23240,23248,23256,23264,23272,23280,23288,/* */
23296,23304,23312,23320,23328,23336,23344,23352,23360,23368,23376,23384,23392,23400,23408,23416,23424,23432,23440,23448,23456,23464,23472,23480,23488,23496,23504,23512,23520,23528,23536,23544,/* */
23552,23560,23568,23576,23584,23592,23600,23608,23616,23624,23632,23640,23648,23656,23664,23672,23680,23688,23696,23704,23712,23720,23728,23736,23744,23752,23760,23768,23776,23784,23792,23800,/* */
23808,23816,23824,23832,23840,23848,23856,23864,23872,23880,23888,23896,23904,23912,23920,23928,23936,23944,23952,23960,23968,23976,23984,23992,24000,24008,24016,24024,24032,24040,24048,24056,/* */
24064,24072,24080,24088,24096,24104,24112,24120,24128,24136,24144,24152,24160,24168,24176,24184,24192,24200,24208,24216,24224,24232,24240,24248,24256,24264,24272,24280,24288,24296,24304,24312,/* */
24320,24328,24336,24344,24352,24360,24368,24376,24384,24392,24400,24408,24416,24424,24432,24440,24448,24456,24464,24472,24480,24488,24496,24504,24512,24520,24528,24536,24544,24552,24560,24568,/* */
24576,24584,24592,24600,24608,24616,24624,24632,24640,24648,24656,24664,24672,24680,24688,24696,24704,24712,24720,24728,24736,24744,24752,24760,24768,24776,24784,24792,24800,24808,24816,24824,/* */
24832,24840,24848,24856,24864,24872,24880,24888,24896,24904,24912,24920,24928,24936,24944,24952,24960,24968,24976,24984,24992,25000,25008,25016,25024,25032,25040,25048,25056,25064,25072,25080,/* */
25088,25096,25104,25112,25120,25128,25136,25144,25152,25160,25168,25176,25184,25192,25200,25208,25216,25224,25232,25240,25248,25256,25264,25272,25280,25288,25296,25304,25312,25320,25328,25336,/* */
25344,25352,25360,25368,25376,25384,25392,25400,25408,25416,25424,25432,25440,25448,25456,25464,25472,25480,25488,25496,25504,25512,25520,25528,25536,25544,25552,25560,25568,25576,25584,25592,/* */
25600,25608,25616,25624,25632,25640,25648,25656,25664,25672,25680,25688,25696,25704,25712,25720,25728,25736,25744,25752,25760,25768,25776,25784,25792,25800,25808,25816,25824,25832,25840,25848,/* */
25856,25864,25872,25880,25888,25896,25904,25912,25920,25928,25936,25944,25952,25960,25968,25976,25984,25992,26000,26008,26016,26024,26032,26040,26048,26056,26064,26072,26080,26088,26096,26104,/* */
26112,26120,26128,26136,26144,26152,26160,26168,26176,26184,26192,26200,26208,26216,26224,26232,26240,26248,26256,26264,26272,26280,26288,26296,26304,26312,26320,26328,26336,26344,26352,26360,/* */
26368,26376,26384,26392,26400,26408,26416,26424,26432,26440,26448,26456,26464,26472,26480,26488,26496,26504,26512,26520,26528,26536,26544,26552,26560,26568,26576,26584,26592,26600,26608,26616,/* */
26624,26632,26640,26648,26656,26664,26672,26680,26688,26696,26704,26712,26720,26728,26736,26744,26752,26760,26768,26776,26784,26792,26800,26808,26816,26824,26832,26840,26848,26856,26864,26872,/* */
26880,26888,26896,26904,26912,26920,26928,26936,26944,26952,26960,26968,26976,26984,26992,27000,27008,27016,27024,27032,27040,27048,27056,27064,27072,27080,27088,27096,27104,27112,27120,27128,/* */
27136,27144,27152,27160,27168,27176,27184,27192,27200,27208,27216,27224,27232,27240,27248,27256,27264,27272,27280,27288,27296,27304,27312,27320,27328,27336,27344,27352,27360,27368,27376,27384,/* */
27392,27400,27408,27416,27424,27432,27440,27448,27456,27464,27472,27480,27488,27496,27504,27512,27520,27528,27536,27544,27552,27560,27568,27576,27584,27592,27600,27608,27616,27624,27632,27640,/* */
27648,27656,27664,27672,27680,27688,27696,27704,27712,27720,27728,27736,27744,27752,27760,27768,27776,27784,27792,27800,27808,27816,27824,27832,27840,27848,27856,27864,27872,27880,27888,27896,/* */
27904,27912,27920,27928,27936,27944,27952,27960,27968,27976,27984,27992,28000,28008,28016,28024,28032,28040,28048,28056,28064,28072,28080,28088,28096,28104,28112,28120,28128,28136,28144,28152,/* */
28160,28168,28176,28184,28192,28200,28208,28216,28224,28232,28240,28248,28256,28264,28272,28280,28288,28296,28304,28312,28320,28328,28336,28344,28352,28360,28368,28376,28384,28392,28400,28408,/* */
28416,28424,28432,28440,28448,28456,28464,28472,28480,28488,28496,28504,28512,28520,28528,28536,28544,28552,28560,28568,28576,28584,28592,28600,28608,28616,28624,28632,28640,28648,28656,28664,/* */
28672,28680,28688,28696,28704,28712,28720,28728,28736,28744,28752,28760,28768,28776,28784,28792,28800,28808,28816,28824,28832,28840,28848,28856,28864,28872,28880,28888,28896,28904,28912,28920,/* */
28928,28936,28944,28952,28960,28968,28976,28984,28992,29000,29008,29016,29024,29032,29040,29048,29056,29064,29072,29080,29088,29096,29104,29112,29120,29128,29136,29144,29152,29160,29168,29176,/* */
29184,29192,29200,29208,29216,29224,29232,29240,29248,29256,29264,29272,29280,29288,29296,29304,29312,29320,29328,29336,29344,29352,29360,29368,29376,29384,29392,29400,29408,29416,29424,29432,/* */
29440,29448,29456,29464,29472,29480,29488,29496,29504,29512,29520,29528,29536,29544,29552,29560,29568,29576,29584,29592,29600,29608,29616,29624,29632,29640,29648,29656,29664,29672,29680,29688,/* */
29696,29704,29712,29720,29728,29736,29744,29752,29760,29768,29776,29784,29792,29800,29808,29816,29824,29832,29840,29848,29856,29864,29872,29880,29888,29896,29904,29912,29920,29928,29936,29944,/* */
29952,29960,29968,29976,29984,29992,30000,30008,30016,30024,30032,30040,30048,30056,30064,30072,30080,30088,30096,30104,30112,30120,30128,30136,30144,30152,30160,30168,30176,30184,30192,30200,/* */
30208,30216,30224,30232,30240,30248,30256,30264,30272,30280,30288,30296,30304,30312,30320,30328,30336,30344,30352,30360,30368,30376,30384,30392,30400,30408,30416,30424,30432,30440,30448,30456,/* */
30464,30472,30480,30488,30496,30504,30512,30520,30528,30536,30544,30552,30560,30568,30576,30584,30592,30600,30608,30616,30624,30632,30640,30648,30656,30664,30672,30680,30688,30696,30704,30712,/* */
30720,30728,30736,30744,30752,30760,30768,30776,30784,30792,30800,30808,30816,30824,30832,30840,30848,30856,30864,30872,30880,30888,30896,30904,30912,30920,30928,30936,30944,30952,30960,30968,/* */
30976,30984,30992,31000,31008,31016,31024,31032,31040,31048,31056,31064,31072,31080,31088,31096,31104,31112,31120,31128,31136,31144,31152,31160,31168,31176,31184,31192,31200,31208,31216,31224,/* */
31232,31240,31248,31256,31264,31272,31280,31288,31296,31304,31312,31320,31328,31336,31344,31352,31360,31368,31376,31384,31392,31400,31408,31416,31424,31432,31440,31448,31456,31464,31472,31480,/* */
31488,31496,31504,31512,31520,31528,31536,31544,31552,31560,31568,31576,31584,31592,31600,31608,31616,31624,31632,31640,31648,31656,31664,31672,31680,31688,31696,31704,31712,31720,31728,31736,/* */
31744,31752,31760,31768,31776,31784,31792,31800,31808,31816,31824,31832,31840,31848,31856,31864,31872,31880,31888,31896,31904,31912,31920,31928,31936,31944,31952,31960,31968,31976,31984,31992,/* */
32000,32008,32016,32024,32032,32040,32048,32056,32064,32072,32080,32088,32096,32104,32112,32120,32128,32136,32144,32152,32160,32168,32176,32184,32192,32200,32208,32216,32224,32232,32240,32248,/* */
32256,32264,32272,32280,32288,32296,32304,32312,32320,32328,32336,32344,32352,32360,32368,32376,32384,32392,32400,32408,32416,32424,32432,32440,32448,32456,32464,32472,32480,32488,32496,32504,/* */
32512,32520,32528,32536,32544,32552,32560,32568,32576,32584,32592,32600,32608,32616,32624,32632,32640,32648,32656,32664,32672,32680,32688,32696,32704,32712,32720,32728,32736,32744,32752,32760,/* */
32768,32776,32784,32792,32800,32808,32816,32824,32832,32840,32848,32856,32864,32872,32880,32888,32896,32904,32912,32920,32928,32936,32944,32952,32960,32968,32976,32984,32992,33000,33008,33016,/* */
33024,33032,33040,33048,33056,33064,33072,33080,33088,33096,33104,33112,33120,33128,33136,33144,33152,33160,33168,33176,33184,33192,33200,33208,33216,33224,33232,33240,33248,33256,33264,33272,/* */
33280,33288,33296,33304,33312,33320,33328,33336,33344,33352,33360,33368,33376,33384,33392,33400,33408,33416,33424,33432,33440,33448,33456,33464,33472,33480,33488,33496,33504,33512,33520,33528,/* */
33536,33544,33552,33560,33568,33576,33584,33592,33600,33608,33616,33624,33632,33640,33648,33656,33664,33672,33680,33688,33696,33704,33712,33720,33728,33736,33744,33752,33760,33768,33776,33784,/* */
33792,33800,33808,33816,33824,33832,33840,33848,33856,33864,33872,33880,33888,33896,33904,33912,33920,33928,33936,33944,33952,33960,33968,33976,33984,33992,34000,34008,34016,34024,34032,34040,/* */
34048,34056,34064,34072,34080,34088,34096,34104,34112,34120,34128,34136,34144,34152,34160,34168,34176,34184,34192,34200,34208,34216,34224,34232,34240,34248,34256,34264,34272,34280,34288,34296,/* */
34304,34312,34320,34328,34336,34344,34352,34360,34368,34376,34384,34392,34400,34408,34416,34424,34432,34440,34448,34456,34464,34472,34480,34488,34496,34504,34512,34520,34528,34536,34544,34552,/* */
34560,34568,34576,34584,34592,34600,34608,34616,34624,34632,34640,34648,34656,34664,34672,34680,34688,34696,34704,34712,34720,34728,34736,34744,34752,34760,34768,34776,34784,34792,34800,34808,/* */
34816,34824,34832,34840,34848,34856,34864,34872,34880,34888,34896,34904,34912,34920,34928,34936,34944,34952,34960,34968,34976,34984,34992,35000,35008,35016,35024,35032,35040,35048,35056,35064,/* */
35072,35080,35088,35096,35104,35112,35120,35128,35136,35144,35152,35160,35168,35176,35184,35192,35200,35208,35216,35224,35232,35240,35248,35256,35264,35272,35280,35288,35296,35304,35312,35320,/* */
35328,35336,35344,35352,35360,35368,35376,35384,35392,35400,35408,35416,35424,35432,35440,35448,35456,35464,35472,35480,35488,35496,35504,35512,35520,35528,35536,35544,35552,35560,35568,35576,/* */
35584,35592,35600,35608,35616,35624,35632,35640,35648,35656,35664,35672,35680,35688,35696,35704,35712,35720,35728,35736,35744,35752,35760,35768,35776,35784,35792,35800,35808,35816,35824,35832,/* */
35840,35848,35856,35864,35872,35880,35888,35896,35904,35912,35920,35928,35936,35944,35952,35960,35968,35976,35984,35992,36000,36008,36016,36024,36032,36040,36048,36056,36064,36072,36080,36088,/* */
36096,36104,36112,36120,36128,36136,36144,36152,36160,36168,36176,36184,36192,36200,36208,36216,36224,36232,36240,36248,36256,36264,36272,36280,36288,36296,36304,36312,36320,36328,36336,36344,/* */
36352,36360,36368,36376,36384,36392,36400,36408,36416,36424,36432,36440,36448,36456,36464,36472,36480,36488,36496,36504,36512,36520,36528,36536,36544,36552,36560,36568,36576,36584,36592,36600,/* */
36608,36616,36624,36632,36640,36648,36656,36664,36672,36680,36688,36696,36704,36712,36720,36728,36736,36744,36752,36760,36768,36776,36784,36792,36800,36808,36816,36824,36832,36840,36848,36856,/* */
36864,36872,36880,36888,36896,36904,36912,36920,36928,36936,36944,36952,36960,36968,36976,36984,36992,37000,37008,37016,37024,37032,37040,37048,37056,37064,37072,37080,37088,37096,37104,37112,/* */
37120,37128,37136,37144,37152,37160,37168,37176,37184,37192,37200,37208,37216,37224,37232,37240,37248,37256,37264,37272,37280,37288,37296,37304,37312,37320,37328,37336,37344,37352,37360,37368,/* */
37376,37384,37392,37400,37408,37416,37424,37432,37440,37448,37456,37464,37472,37480,37488,37496,37504,37512,37520,37528,37536,37544,37552,37560,37568,37576,37584,37592,37600,37608,37616,37624,/* */
37632,37640,37648,37656,37664,37672,37680,37688,37696,37704,37712,37720,37728,37736,37744,37752,37760,37768,37776,37784,37792,37800,37808,37816,37824,37832,37840,37848,37856,37864,37872,37880,/* */
37888,37896,37904,37912,37920,37928,37936,37944,37952,37960,37968,37976,37984,37992,38000,38008,38016,38024,38032,38040,38048,38056,38064,38072,38080,38088,38096,38104,38112,38120,38128,38136,/* */
38144,38152,38160,38168,38176,38184,38192,38200,38208,38216,38224,38232,38240,38248,38256,38264,38272,38280,38288,38296,38304,38312,38320,38328,38336,38344,38352,38360,38368,38376,38384,38392,/* */
38400,38408,38416,38424,38432,38440,38448,38456,38464,38472,38480,38488,38496,38504,38512,38520,38528,38536,38544,38552,38560,38568,38576,38584,38592,38600,38608,38616,38624,38632,38640,38648,/* */
38656,38664,38672,38680,38688,38696,38704,38712,38720,38728,38736,38744,38752,38760,38768,38776,38784,38792,38800,38808,38816,38824,38832,38840,38848,38856,38864,38872,38880,38888,38896,38904,/* */
38912,38920,38928,38936,38944,38952,38960,38968,38976,38984,38992,39000,39008,39016,39024,39032,39040,39048,39056,39064,39072,39080,39088,39096,39104,39112,39120,39128,39136,39144,39152,39160,/* */
39168,39176,39184,39192,39200,39208,39216,39224,39232,39240,39248,39256,39264,39272,39280,39288,39296,39304,39312,39320,39328,39336,39344,39352,39360,39368,39376,39384,39392,39400,39408,39416,/* */
39424,39432,39440,39448,39456,39464,39472,39480,39488,39496,39504,39512,39520,39528,39536,39544,39552,39560,39568,39576,39584,39592,39600,39608,39616,39624,39632,39640,39648,39656,39664,39672,/* */
39680,39688,39696,39704,39712,39720,39728,39736,39744,39752,39760,39768,39776,39784,39792,39800,39808,39816,39824,39832,39840,39848,39856,39864,39872,39880,39888,39896,39904,39912,39920,39928,/* */
39936,39944,39952,39960,39968,39976,39984,39992,40000,40008,40016,40024,40032,40040,40048,40056,40064,40072,40080,40088,40096,40104,40112,40120,40128,40136,40144,40152,40160,40168,40176,40184,/* */
40192,40200,40208,40216,40224,40232,40240,40248,40256,40264,40272,40280,40288,40296,40304,40312,40320,40328,40336,40344,40352,40360,40368,40376,40384,40392,40400,40408,40416,40424,40432,40440,/* */
40448,40456,40464,40472,40480,40488,40496,40504,40512,40520,40528,40536,40544,40552,40560,40568,40576,40584,40592,40600,40608,40616,40624,40632,40640,40648,40656,40664,40672,40680,40688,40696,/* */
40704,40712,40720,40728,40736,40744,40752,40760,40768,40776,40784,40792,40800,40808,40816,40824,40832,40840,40848,40856,40864,40872,40880,40888,40896,40904,40912,40920,40928,40936,40944,40952,/* */
40960,40968,40976,40984,40992,41000,41008,41016,41024,41032,41040,41048,41056,41064,41072,41080,41088,41096,41104,41112,41120,41128,41136,41144,41152,41160,41168,41176,41184,41192,41200,41208,/* */
41216,41224,41232,41240,41248,41256,41264,41272,41280,41288,41296,41304,41312,41320,41328,41336,41344,41352,41360,41368,41376,41384,41392,41400,41408,41416,41424,41432,41440,41448,41456,41464,/* */
41472,41480,41488,41496,41504,41512,41520,41528,41536,41544,41552,41560,41568,41576,41584,41592,41600,41608,41616,41624,41632,41640,41648,41656,41664,41672,41680,41688,41696,41704,41712,41720,/* */
41728,41736,41744,41752,41760,41768,41776,41784,41792,41800,41808,41816,41824,41832,41840,41848,41856,41864,41872,41880,41888,41896,41904,41912,41920,41928,41936,41944,41952,41960,41968,41976,/* */
41984,41992,42000,42008,42016,42024,42032,42040,42048,42056,42064,42072,42080,42088,42096,42104,42112,42120,42128,42136,42144,42152,42160,42168,42176,42184,42192,42200,42208,42216,42224,42232,/* */
42240,42248,42256,42264,42272,42280,42288,42296,42304,42312,42320,42328,42336,42344,42352,42360,42368,42376,42384,42392,42400,42408,42416,42424,42432,42440,42448,42456,42464,42472,42480,42488,/* */
42496,42504,42512,42520,42528,42536,42544,42552,42560,42568,42576,42584,42592,42600,42608,42616,42624,42632,42640,42648,42656,42664,42672,42680,42688,42696,42704,42712,42720,42728,42736,42744,/* */
42752,42760,42768,42776,42784,42792,42800,42808,42816,42824,42832,42840,42848,42856,42864,42872,42880,42888,42896,42904,42912,42920,42928,42936,42944,42952,42960,42968,42976,42984,42992,43000,/* */
43008,43016,43024,43032,43040,43048,43056,43064,43072,43080,43088,43096,43104,43112,43120,43128,43136,43144,43152,43160,43168,43176,43184,43192,43200,43208,43216,43224,43232,43240,43248,43256,/* */
43264,43272,43280,43288,43296,43304,43312,43320,43328,43336,43344,43352,43360,43368,43376,43384,43392,43400,43408,43416,43424,43432,43440,43448,43456,43464,43472,43480,43488,43496,43504,43512,/* */
43520,43528,43536,43544,43552,43560,43568,43576,43584,43592,43600,43608,43616,43624,43632,43640,43648,43656,43664,43672,43680,43688,43696,43704,43712,43720,43728,43736,43744,43752,43760,43768,/* */
43776,43784,43792,43800,43808,43816,43824,43832,43840,43848,43856,43864,43872,43880,43888,43896,43904,43912,43920,43928,43936,43944,43952,43960,43968,43976,43984,43992,44000,44008,44016,44024,/* */
44032,44040,44048,44056,44064,44072,44080,44088,44096,44104,44112,44120,44128,44136,44144,44152,44160,44168,44176,44184,44192,44200,44208,44216,44224,44232,44240,44248,44256,44264,44272,44280,/* */
44288,44296,44304,44312,44320,44328,44336,44344,44352,44360,44368,44376,44384,44392,44400,44408,44416,44424,44432,44440,44448,44456,44464,44472,44480,44488,44496,44504,44512,44520,44528,44536,/* */
44544,44552,44560,44568,44576,44584,44592,44600,44608,44616,44624,44632,44640,44648,44656,44664,44672,44680,44688,44696,44704,44712,44720,44728,44736,44744,44752,44760,44768,44776,44784,44792,/* */
44800,44808,44816,44824,44832,44840,44848,44856,44864,44872,44880,44888,44896,44904,44912,44920,44928,44936,44944,44952,44960,44968,44976,44984,44992,45000,45008,45016,45024,45032,45040,45048,/* */
45056,45064,45072,45080,45088,45096,45104,45112,45120,45128,45136,45144,45152,45160,45168,45176,45184,45192,45200,45208,45216,45224,45232,45240,45248,45256,45264,45272,45280,45288,45296,45304,/* */
45312,45320,45328,45336,45344,45352,45360,45368,45376,45384,45392,45400,45408,45416,45424,45432,45440,45448,45456,45464,45472,45480,45488,45496,45504,45512,45520,45528,45536,45544,45552,45560,/* */
45568,45576,45584,45592,45600,45608,45616,45624,45632,45640,45648,45656,45664,45672,45680,45688,45696,45704,45712,45720,45728,45736,45744,45752,45760,45768,45776,45784,45792,45800,45808,45816,/* */
45824,45832,45840,45848,45856,45864,45872,45880,45888,45896,45904,45912,45920,45928,45936,45944,45952,45960,45968,45976,45984,45992,46000,46008,46016,46024,46032,46040,46048,46056,46064,46072,/* */
46080,46088,46096,46104,46112,46120,46128,46136,46144,46152,46160,46168,46176,46184,46192,46200,46208,46216,46224,46232,46240,46248,46256,46264,46272,46280,46288,46296,46304,46312,46320,46328,/* */
46336,46344,46352,46360,46368,46376,46384,46392,46400,46408,46416,46424,46432,46440,46448,46456,46464,46472,46480,46488,46496,46504,46512,46520,46528,46536,46544,46552,46560,46568,46576,46584,/* */
46592,46600,46608,46616,46624,46632,46640,46648,46656,46664,46672,46680,46688,46696,46704,46712,46720,46728,46736,46744,46752,46760,46768,46776,46784,46792,46800,46808,46816,46824,46832,46840,/* */
46848,46856,46864,46872,46880,46888,46896,46904,46912,46920,46928,46936,46944,46952,46960,46968,46976,46984,46992,47000,47008,47016,47024,47032,47040,47048,47056,47064,47072,47080,47088,47096,/* */
47104,47112,47120,47128,47136,47144,47152,47160,47168,47176,47184,47192,47200,47208,47216,47224,47232,47240,47248,47256,47264,47272,47280,47288,47296,47304,47312,47320,47328,47336,47344,47352,/* */
47360,47368,47376,47384,47392,47400,47408,47416,47424,47432,47440,47448,47456,47464,47472,47480,47488,47496,47504,47512,47520,47528,47536,47544,47552,47560,47568,47576,47584,47592,47600,47608,/* */
47616,47624,47632,47640,47648,47656,47664,47672,47680,47688,47696,47704,47712,47720,47728,47736,47744,47752,47760,47768,47776,47784,47792,47800,47808,47816,47824,47832,47840,47848,47856,47864,/* */
47872,47880,47888,47896,47904,47912,47920,47928,47936,47944,47952,47960,47968,47976,47984,47992,48000,48008,48016,48024,48032,48040,48048,48056,48064,48072,48080,48088,48096,48104,48112,48120,/* */
48128,48136,48144,48152,48160,48168,48176,48184,48192,48200,48208,48216,48224,48232,48240,48248,48256,48264,48272,48280,48288,48296,48304,48312,48320,48328,48336,48344,48352,48360,48368,48376,/* */
48384,48392,48400,48408,48416,48424,48432,48440,48448,48456,48464,48472,48480,48488,48496,48504,48512,48520,48528,48536,48544,48552,48560,48568,48576,48584,48592,48600,48608,48616,48624,48632,/* */
48640,48648,48656,48664,48672,48680,48688,48696,48704,48712,48720,48728,48736,48744,48752,48760,48768,48776,48784,48792,48800,48808,48816,48824,48832,48840,48848,48856,48864,48872,48880,48888,/* */
48896,48904,48912,48920,48928,48936,48944,48952,48960,48968,48976,48984,48992,49000,49008,49016,49024,49032,49040,49048,49056,49064,49072,49080,49088,49096,49104,49112,49120,49128,49136,49144,/* */
49152,49160,49168,49176,49184,49192,49200,49208,49216,49224,49232,49240,49248,49256,49264,49272,49280,49288,49296,49304,49312,49320,49328,49336,49344,49352,49360,49368,49376,49384,49392,49400,/* */
49408,49416,49424,49432,49440,49448,49456,49464,49472,49480,49488,49496,49504,49512,49520,49528,49536,49544,49552,49560,49568,49576,49584,49592,49600,49608,49616,49624,49632,49640,49648,49656,/* */
49664,49672,49680,49688,49696,49704,49712,49720,49728,49736,49744,49752,49760,49768,49776,49784,49792,49800,49808,49816,49824,49832,49840,49848,49856,49864,49872,49880,49888,49896,49904,49912,/* */
49920,49928,49936,49944,49952,49960,49968,49976,49984,49992,50000,50008,50016,50024,50032,50040,50048,50056,50064,50072,50080,50088,50096,50104,50112,50120,50128,50136,50144,50152,50160,50168,/* */
50176,50184,50192,50200,50208,50216,50224,50232,50240,50248,50256,50264,50272,50280,50288,50296,50304,50312,50320,50328,50336,50344,50352,50360,50368,50376,50384,50392,50400,50408,50416,50424,/* */
50432,50440,50448,50456,50464,50472,50480,50488,50496,50504,50512,50520,50528,50536,50544,50552,50560,50568,50576,50584,50592,50600,50608,50616,50624,50632,50640,50648,50656,50664,50672,50680,/* */
50688,50696,50704,50712,50720,50728,50736,50744,50752,50760,50768,50776,50784,50792,50800,50808,50816,50824,50832,50840,50848,50856,50864,50872,50880,50888,50896,50904,50912,50920,50928,50936,/* */
50944,50952,50960,50968,50976,50984,50992,51000,51008,51016,51024,51032,51040,51048,51056,51064,51072,51080,51088,51096,51104,51112,51120,51128,51136,51144,51152,51160,51168,51176,51184,51192,/* */
51200,51208,51216,51224,51232,51240,51248,51256,51264,51272,51280,51288,51296,51304,51312,51320,51328,51336,51344,51352,51360,51368,51376,51384,51392,51400,51408,51416,51424,51432,51440,51448,/* */
51456,51464,51472,51480,51488,51496,51504,51512,51520,51528,51536,51544,51552,51560,51568,51576,51584,51592,51600,51608,51616,51624,51632,51640,51648,51656,51664,51672,51680,51688,51696,51704,/* */
51712,51720,51728,51736,51744,51752,51760,51768,51776,51784,51792,51800,51808,51816,51824,51832,51840,51848,51856,51864,51872,51880,51888,51896,51904,51912,51920,51928,51936,51944,51952,51960,/* */
51968,51976,51984,51992,52000,52008,52016,52024,52032,52040,52048,52056,52064,52072,52080,52088,52096,52104,52112,52120,52128,52136,52144,52152,52160,52168,52176,52184,52192,52200,52208,52216,/* */
52224,52232,52240,52248,52256,52264,52272,52280,52288,52296,52304,52312,52320,52328,52336,52344,52352,52360,52368,52376,52384,52392,52400,52408,52416,52424,52432,52440,52448,52456,52464,52472,/* */
52480,52488,52496,52504,52512,52520,52528,52536,52544,52552,52560,52568,52576,52584,52592,52600,52608,52616,52624,52632,52640,52648,52656,52664,52672,52680,52688,52696,52704,52712,52720,52728,/* */
52736,52744,52752,52760,52768,52776,52784,52792,52800,52808,52816,52824,52832,52840,52848,52856,52864,52872,52880,52888,52896,52904,52912,52920,52928,52936,52944,52952,52960,52968,52976,52984,/* */
52992,53000,53008,53016,53024,53032,53040,53048,53056,53064,53072,53080,53088,53096,53104,53112,53120,53128,53136,53144,53152,53160,53168,53176,53184,53192,53200,53208,53216,53224,53232,53240,/* */
53248,53256,53264,53272,53280,53288,53296,53304,53312,53320,53328,53336,53344,53352,53360,53368,53376,53384,53392,53400,53408,53416,53424,53432,53440,53448,53456,53464,53472,53480,53488,53496,/* */
53504,53512,53520,53528,53536,53544,53552,53560,53568,53576,53584,53592,53600,53608,53616,53624,53632,53640,53648,53656,53664,53672,53680,53688,53696,53704,53712,53720,53728,53736,53744,53752,/* */
53760,53768,53776,53784,53792,53800,53808,53816,53824,53832,53840,53848,53856,53864,53872,53880,53888,53896,53904,53912,53920,53928,53936,53944,53952,53960,53968,53976,53984,53992,54000,54008,/* */
54016,54024,54032,54040,54048,54056,54064,54072,54080,54088,54096,54104,54112,54120,54128,54136,54144,54152,54160,54168,54176,54184,54192,54200,54208,54216,54224,54232,54240,54248,54256,54264,/* */
54272,54280,54288,54296,54304,54312,54320,54328,54336,54344,54352,54360,54368,54376,54384,54392,54400,54408,54416,54424,54432,54440,54448,54456,54464,54472,54480,54488,54496,54504,54512,54520,/* */
54528,54536,54544,54552,54560,54568,54576,54584,54592,54600,54608,54616,54624,54632,54640,54648,54656,54664,54672,54680,54688,54696,54704,54712,54720,54728,54736,54744,54752,54760,54768,54776,/* */
54784,54792,54800,54808,54816,54824,54832,54840,54848,54856,54864,54872,54880,54888,54896,54904,54912,54920,54928,54936,54944,54952,54960,54968,54976,54984,54992,55000,55008,55016,55024,55032,/* */
55040,55048,55056,55064,55072,55080,55088,55096,55104,55112,55120,55128,55136,55144,55152,55160,55168,55176,55184,55192,55200,55208,55216,55224,55232,55240,55248,55256,55264,55272,55280,55288,/* */
55296,55304,55312,55320,55328,55336,55344,55352,55360,55368,55376,55384,55392,55400,55408,55416,55424,55432,55440,55448,55456,55464,55472,55480,55488,55496,55504,55512,55520,55528,55536,55544,/* */
55552,55560,55568,55576,55584,55592,55600,55608,55616,55624,55632,55640,55648,55656,55664,55672,55680,55688,55696,55704,55712,55720,55728,55736,55744,55752,55760,55768,55776,55784,55792,55800,/* */
55808,55816,55824,55832,55840,55848,55856,55864,55872,55880,55888,55896,55904,55912,55920,55928,55936,55944,55952,55960,55968,55976,55984,55992,56000,56008,56016,56024,56032,56040,56048,56056,/* */
56064,56072,56080,56088,56096,56104,56112,56120,56128,56136,56144,56152,56160,56168,56176,56184,56192,56200,56208,56216,56224,56232,56240,56248,56256,56264,56272,56280,56288,56296,56304,56312,/* */
56320,56328,56336,56344,56352,56360,56368,56376,56384,56392,56400,56408,56416,56424,56432,56440,56448,56456,56464,56472,56480,56488,56496,56504,56512,56520,56528,56536,56544,56552,56560,56568,/* */
56576,56584,56592,56600,56608,56616,56624,56632,56640,56648,56656,56664,56672,56680,56688,56696,56704,56712,56720,56728,56736,56744,56752,56760,56768,56776,56784,56792,56800,56808,56816,56824,/* */
56832,56840,56848,56856,56864,56872,56880,56888,56896,56904,56912,56920,56928,56936,56944,56952,56960,56968,56976,56984,56992,57000,57008,57016,57024,57032,57040,57048,57056,57064,57072,57080,/* */
57088,57096,57104,57112,57120,57128,57136,57144,57152,57160,57168,57176,57184,57192,57200,57208,57216,57224,57232,57240,57248,57256,57264,57272,57280,57288,57296,57304,57312,57320,57328,57336,/* */
57344,57352,57360,57368,57376,57384,57392,57400,57408,57416,57424,57432,57440,57448,57456,57464,57472,57480,57488,57496,57504,57512,57520,57528,57536,57544,57552,57560,57568,57576,57584,57592,/* */
57600,57608,57616,57624,57632,57640,57648,57656,57664,57672,57680,57688,57696,57704,57712,57720,57728,57736,57744,57752,57760,57768,57776,57784,57792,57800,57808,57816,57824,57832,57840,57848,/* */
57856,57864,57872,57880,57888,57896,57904,57912,57920,57928,57936,57944,57952,57960,57968,57976,57984,57992,58000,58008,58016,58024,58032,58040,58048,58056,58064,58072,58080,58088,58096,58104,/* */
58112,58120,58128,58136,58144,58152,58160,58168,58176,58184,58192,58200,58208,58216,58224,58232,58240,58248,58256,58264,58272,58280,58288,58296,58304,58312,58320,58328,58336,58344,58352,58360,/* */
58368,58376,58384,58392,58400,58408,58416,58424,58432,58440,58448,58456,58464,58472,58480,58488,58496,58504,58512,58520,58528,58536,58544,58552,58560,58568,58576,58584,58592,58600,58608,58616,/* */
58624,58632,58640,58648,58656,58664,58672,58680,58688,58696,58704,58712,58720,58728,58736,58744,58752,58760,58768,58776,58784,58792,58800,58808,58816,58824,58832,58840,58848,58856,58864,58872,/* */
58880,58888,58896,58904,58912,58920,58928,58936,58944,58952,58960,58968,58976,58984,58992,59000,59008,59016,59024,59032,59040,59048,59056,59064,59072,59080,59088,59096,59104,59112,59120,59128,/* */
59136,59144,59152,59160,59168,59176,59184,59192,59200,59208,59216,59224,59232,59240,59248,59256,59264,59272,59280,59288,59296,59304,59312,59320,59328,59336,59344,59352,59360,59368,59376,59384,/* */
59392,59400,59408,59416,59424,59432,59440,59448,59456,59464,59472,59480,59488,59496,59504,59512,59520,59528,59536,59544,59552,59560,59568,59576,59584,59592,59600,59608,59616,59624,59632,59640,/* */
59648,59656,59664,59672,59680,59688,59696,59704,59712,59720,59728,59736,59744,59752,59760,59768,59776,59784,59792,59800,59808,59816,59824,59832,59840,59848,59856,59864,59872,59880,59888,59896,/* */
59904,59912,59920,59928,59936,59944,59952,59960,59968,59976,59984,59992,60000,60008,60016,60024,60032,60040,60048,60056,60064,60072,60080,60088,60096,60104,60112,60120,60128,60136,60144,60152,/* */
60160,60168,60176,60184,60192,60200,60208,60216,60224,60232,60240,60248,60256,60264,60272,60280,60288,60296,60304,60312,60320,60328,60336,60344,60352,60360,60368,60376,60384,60392,60400,60408,/* */
60416,60424,60432,60440,60448,60456,60464,60472,60480,60488,60496,60504,60512,60520,60528,60536,60544,60552,60560,60568,60576,60584,60592,60600,60608,60616,60624,60632,60640,60648,60656,60664,/* */
60672,60680,60688,60696,60704,60712,60720,60728,60736,60744,60752,60760,60768,60776,60784,60792,60800,60808,60816,60824,60832,60840,60848,60856,60864,60872,60880,60888,60896,60904,60912,60920,/* */
60928,60936,60944,60952,60960,60968,60976,60984,60992,61000,61008,61016,61024,61032,61040,61048,61056,61064,61072,61080,61088,61096,61104,61112,61120,61128,61136,61144,61152,61160,61168,61176,/* */
61184,61192,61200,61208,61216,61224,61232,61240,61248,61256,61264,61272,61280,61288,61296,61304,61312,61320,61328,61336,61344,61352,61360,61368,61376,61384,61392,61400,61408,61416,61424,61432,/* */
61440,61448,61456,61464,61472,61480,61488,61496,61504,61512,61520,61528,61536,61544,61552,61560,61568,61576,61584,61592,61600,61608,61616,61624,61632,61640,61648,61656,61664,61672,61680,61688,/* */
61696,61704,61712,61720,61728,61736,61744,61752,61760,61768,61776,61784,61792,61800,61808,61816,61824,61832,61840,61848,61856,61864,61872,61880,61888,61896,61904,61912,61920,61928,61936,61944,/* */
61952,61960,61968,61976,61984,61992,62000,62008,62016,62024,62032,62040,62048,62056,62064,62072,62080,62088,62096,62104,62112,62120,62128,62136,62144,62152,62160,62168,62176,62184,62192,62200,/* */
62208,62216,62224,62232,62240,62248,62256,62264,62272,62280,62288,62296,62304,62312,62320,62328,62336,62344,62352,62360,62368,62376,62384,62392,62400,62408,62416,62424,62432,62440,62448,62456,/* */
62464,62472,62480,62488,62496,62504,62512,62520,62528,62536,62544,62552,62560,62568,62576,62584,62592,62600,62608,62616,62624,62632,62640,62648,62656,62664,62672,62680,62688,62696,62704,62712,/* */
62720,62728,62736,62744,62752,62760,62768,62776,62784,62792,62800,62808,62816,62824,62832,62840,62848,62856,62864,62872,62880,62888,62896,62904,62912,62920,62928,62936,62944,62952,62960,62968,/* */
62976,62984,62992,63000,63008,63016,63024,63032,63040,63048,63056,63064,63072,63080,63088,63096,63104,63112,63120,63128,63136,63144,63152,63160,63168,63176,63184,63192,63200,63208,63216,63224,/* */
63232,63240,63248,63256,63264,63272,63280,63288,63296,63304,63312,63320,63328,63336,63344,63352,63360,63368,63376,63384,63392,63400,63408,63416,63424,63432,63440,63448,63456,63464,63472,63480,/* */
63488,63496,63504,63512,63520,63528,63536,63544,63552,63560,63568,63576,63584,63592,63600,63608,63616,63624,63632,63640,63648,63656,63664,63672,63680,63688,63696,63704,63712,63720,63728,63736,/* */
63744,63752,63760,63768,63776,63784,63792,63800,63808,63816,63824,63832,63840,63848,63856,63864,63872,63880,63888,63896,63904,63912,63920,63928,63936,63944,63952,63960,63968,63976,63984,63992,/* */
64000,64008,64016,64024,64032,64040,64048,64056,64064,64072,64080,64088,64096,64104,64112,64120,64128,64136,64144,64152,64160,64168,64176,64184,64192,64200,64208,64216,64224,64232,64240,64248,/* */
64256,64264,64272,64280,64288,64296,64304,64312,64320,64328,64336,64344,64352,64360,64368,64376,64384,64392,64400,64408,64416,64424,64432,64440,64448,64456,64464,64472,64480,64488,64496,64504,/* */
64512,64520,64528,64536,64544,64552,64560,64568,64576,64584,64592,64600,64608,64616,64624,64632,64640,64648,64656,64664,64672,64680,64688,64696,64704,64712,64720,64728,64736,64744,64752,64760,/* */
64768,64776,64784,64792,64800,64808,64816,64824,64832,64840,64848,64856,64864,64872,64880,64888,64896,64904,64912,64920,64928,64936,64944,64952,64960,64968,64976,64984,64992,65000,65008,65016,/* */
65024,65032,65040,65048,65056,65064,65072,65080,65088,65096,65104,65112,65120,65128,65136,65144,65152,65160,65168,65176,65184,65192,65200,65208,65216,65224,65232,65240,65248,65256,65264,65272,/* */
65280,65288,65296,65304,65312,65320,65328,65336,65344,65352,65360,65368,65376,65384,65392,65400,65408,65416,65424,65432,65440,65448,65456,65464,65472,65480,65488,65496,65504,65512,65520,65528,0
